-- phpMyAdmin SQL Dump
-- version 5.2.0
-- https://www.phpmyadmin.net/
--
-- Servidor: 127.0.0.1
-- Tiempo de generación: 20-06-2023 a las 06:50:41
-- Versión del servidor: 10.4.24-MariaDB
-- Versión de PHP: 8.1.10

SET SQL_MODE = "NO_AUTO_VALUE_ON_ZERO";
START TRANSACTION;
SET time_zone = "+00:00";


/*!40101 SET @OLD_CHARACTER_SET_CLIENT=@@CHARACTER_SET_CLIENT */;
/*!40101 SET @OLD_CHARACTER_SET_RESULTS=@@CHARACTER_SET_RESULTS */;
/*!40101 SET @OLD_COLLATION_CONNECTION=@@COLLATION_CONNECTION */;
/*!40101 SET NAMES utf8mb4 */;

--
-- Base de datos: `devwebcamp`
--

-- --------------------------------------------------------

--
-- Estructura de tabla para la tabla `categorias`
--

CREATE TABLE `categorias` (
  `id` int(11) NOT NULL,
  `nombre` varchar(45) DEFAULT NULL
) ENGINE=InnoDB DEFAULT CHARSET=utf8;

--
-- Volcado de datos para la tabla `categorias`
--

INSERT INTO `categorias` (`id`, `nombre`) VALUES
(1, 'Conferencias'),
(2, 'Workshops');

-- --------------------------------------------------------

--
-- Estructura de tabla para la tabla `dias`
--

CREATE TABLE `dias` (
  `id` int(11) NOT NULL,
  `nombre` varchar(15) DEFAULT NULL
) ENGINE=InnoDB DEFAULT CHARSET=utf8;

--
-- Volcado de datos para la tabla `dias`
--

INSERT INTO `dias` (`id`, `nombre`) VALUES
(1, 'Lunes'),
(2, 'Martes'),
(3, 'Miercoles'),
(4, 'Jueves'),
(5, 'Viernes'),
(6, 'Sabado');

-- --------------------------------------------------------

--
-- Estructura de tabla para la tabla `eventos`
--

CREATE TABLE `eventos` (
  `id` int(11) NOT NULL,
  `nombre` varchar(120) DEFAULT NULL,
  `descripcion` text DEFAULT NULL,
  `disponibles` int(11) DEFAULT NULL,
  `categoria_id` int(11) NOT NULL,
  `dia_id` int(11) NOT NULL,
  `hora_id` int(11) NOT NULL,
  `ponente_id` int(11) NOT NULL
) ENGINE=InnoDB DEFAULT CHARSET=utf8;

--
-- Volcado de datos para la tabla `eventos`
--

INSERT INTO `eventos` (`id`, `nombre`, `descripcion`, `disponibles`, `categoria_id`, `dia_id`, `hora_id`, `ponente_id`) VALUES
(1, 'Next.js - Aplicaciones con gran performance', 'Orci varius natoque penatibus et magnis dis parturient montes, nascetur ridiculus mus. Donec sodales condimentum magna fringilla egestas. In non pellentesque magna, at mollis velit. Morbi nec dapibus diam. Phasellus ante neque, blandit eget tortor a, cursus molestie turpis. Aenean placerat aliquet nibh, et interdum ipsum finibus at. Nulla sit amet faucibus leo, vel blandit urna. Curabitur dictum euismod sem, eget euismod magna pulvinar et. Nam semper aliquet nunc eu ornare. ', 50, 2, 2, 1, 1),
(2, 'MongoDB - Base de Datos a gran escala', 'Orci varius natoque penatibus et magnis dis parturient montes, nascetur ridiculus mus. Donec sodales condimentum magna fringilla egestas. In non pellentesque magna, at mollis velit. Morbi nec dapibus diam. Phasellus ante neque, blandit eget tortor a, cursus molestie turpis. Aenean placerat aliquet nibh, et interdum ipsum finibus at. Nulla sit amet faucibus leo, vel blandit urna. Curabitur dictum euismod sem, eget euismod magna pulvinar et. Nam semper aliquet nunc eu ornare. ', 50, 2, 2, 2, 2),
(3, 'Tailwind y Figma', 'Orci varius natoque penatibus et magnis dis parturient montes, nascetur ridiculus mus. Donec sodales condimentum magna fringilla egestas. In non pellentesque magna, at mollis velit. Morbi nec dapibus diam. Phasellus ante neque, blandit eget tortor a, cursus molestie turpis. Aenean placerat aliquet nibh, et interdum ipsum finibus at. Nulla sit amet faucibus leo, vel blandit urna. Curabitur dictum euismod sem, eget euismod magna pulvinar et. Nam semper aliquet nunc eu ornare. ', 0, 1, 1, 2, 3),
(4, 'MERN - MongoDB Express React y Node.js - Ejemplo Real', 'Orci varius natoque penatibus et magnis dis parturient montes, nascetur ridiculus mus. Donec sodales condimentum magna fringilla egestas. In non pellentesque magna, at mollis velit. Morbi nec dapibus diam. Phasellus ante neque, blandit eget tortor a, cursus molestie turpis. Aenean placerat aliquet nibh, et interdum ipsum finibus at. Nulla sit amet faucibus leo, vel blandit urna. Curabitur dictum euismod sem, eget euismod magna pulvinar et. Nam semper aliquet nunc eu ornare. ', 30, 1, 2, 4, 8),
(5, 'Vue.js con Django para gran Performance', 'Nunc laoreet sit amet turpis eu vulputate. Etiam quis dignissim elit, ac commodo ligula. Donec eu mollis odio, vitae sodales est. Fusce ut turpis eros. Vestibulum mauris ligula, suscipit eget lacus non, vulputate laoreet enim. Etiam ac elementum lacus, eu dapibus dolor. Proin ac justo in erat elementum venenatis sit amet et arcu. Cras eu ultrices lorem, et mollis libero. Nam ex velit, sollicitudin ac lectus ut, lobortis blandit nibh. Donec vulputate eros quis arcu varius bibendum. Vestibulum mattis consectetur orci eget feugiat. Donec massa ligula, pulvinar vitae sem nec, suscipit tempus tortor. Nulla congue venenatis metus. Ut quis diam est. Sed non sagittis justo, ut rhoncus neque. Quisque ut mi et nunc sollicitudin luctus quis a ante. ', 50, 2, 1, 1, 4),
(6, 'DevOps - Primeros Pasos', 'Nunc laoreet sit amet turpis eu vulputate. Etiam quis dignissim elit, ac commodo ligula. Donec eu mollis odio, vitae sodales est. Fusce ut turpis eros. Vestibulum mauris ligula, suscipit eget lacus non, vulputate laoreet enim. Etiam ac elementum lacus, eu dapibus dolor. Proin ac justo in erat elementum venenatis sit amet et arcu. Cras eu ultrices lorem, et mollis libero. Nam ex velit, sollicitudin ac lectus ut, lobortis blandit nibh. Donec vulputate eros quis arcu varius bibendum. Vestibulum mattis consectetur orci eget feugiat. Donec massa ligula, pulvinar vitae sem nec, suscipit tempus tortor. Nulla congue venenatis metus. Ut quis diam est. Sed non sagittis justo, ut rhoncus neque. Quisque ut mi et nunc sollicitudin luctus quis a ante. ', 0, 1, 1, 1, 5),
(7, 'WordPress y React - Gran Performance a costo 0', 'Nunc laoreet sit amet turpis eu vulputate. Etiam quis dignissim elit, ac commodo ligula. Donec eu mollis odio, vitae sodales est. Fusce ut turpis eros. Vestibulum mauris ligula, suscipit eget lacus non, vulputate laoreet enim. Etiam ac elementum lacus, eu dapibus dolor. Proin ac justo in erat elementum venenatis sit amet et arcu. Cras eu ultrices lorem, et mollis libero. Nam ex velit, sollicitudin ac lectus ut, lobortis blandit nibh. Donec vulputate eros quis arcu varius bibendum. Vestibulum mattis consectetur orci eget feugiat. Donec massa ligula, pulvinar vitae sem nec, suscipit tempus tortor. Nulla congue venenatis metus. Ut quis diam est. Sed non sagittis justo, ut rhoncus neque. Quisque ut mi et nunc sollicitudin luctus quis a ante. ', 40, 2, 1, 2, 6),
(8, 'React, Angular y Svelte - Creando un Proyecto', 'Nunc laoreet sit amet turpis eu vulputate. Etiam quis dignissim elit, ac commodo ligula. Donec eu mollis odio, vitae sodales est. Fusce ut turpis eros. Vestibulum mauris ligula, suscipit eget lacus non, vulputate laoreet enim. Etiam ac elementum lacus, eu dapibus dolor. Proin ac justo in erat elementum venenatis sit amet et arcu. Cras eu ultrices lorem, et mollis libero. Nam ex velit, sollicitudin ac lectus ut, lobortis blandit nibh. Donec vulputate eros quis arcu varius bibendum. Vestibulum mattis consectetur orci eget feugiat. Donec massa ligula, pulvinar vitae sem nec, suscipit tempus tortor. Nulla congue venenatis metus. Ut quis diam est. Sed non sagittis justo, ut rhoncus neque. Quisque ut mi et nunc sollicitudin luctus quis a ante. ', 22, 1, 1, 3, 7),
(9, 'Laravel y Next.js - Aplicaciones Full Stack en Tiempo Record', 'Nunc laoreet sit amet turpis eu vulputate. Etiam quis dignissim elit, ac commodo ligula. Donec eu mollis odio, vitae sodales est. Fusce ut turpis eros. Vestibulum mauris ligula, suscipit eget lacus non, vulputate laoreet enim. Etiam ac elementum lacus, eu dapibus dolor. Proin ac justo in erat elementum venenatis sit amet et arcu. Cras eu ultrices lorem, et mollis libero. Nam ex velit, sollicitudin ac lectus ut, lobortis blandit nibh. Donec vulputate eros quis arcu varius bibendum. Vestibulum mattis consectetur orci eget feugiat. Donec massa ligula, pulvinar vitae sem nec, suscipit tempus tortor. Nulla congue venenatis metus. Ut quis diam est. Sed non sagittis justo, ut rhoncus neque. Quisque ut mi et nunc sollicitudin luctus quis a ante. ', 40, 1, 2, 1, 8),
(10, 'Remix - El Nuevo Framework de React', 'Nunc laoreet sit amet turpis eu vulputate. Etiam quis dignissim elit, ac commodo ligula. Donec eu mollis odio, vitae sodales est. Fusce ut turpis eros. Vestibulum mauris ligula, suscipit eget lacus non, vulputate laoreet enim. Etiam ac elementum lacus, eu dapibus dolor. Proin ac justo in erat elementum venenatis sit amet et arcu. Cras eu ultrices lorem, et mollis libero. Nam ex velit, sollicitudin ac lectus ut, lobortis blandit nibh. Donec vulputate eros quis arcu varius bibendum. Vestibulum mattis consectetur orci eget feugiat. Donec massa ligula, pulvinar vitae sem nec, suscipit tempus tortor. Nulla congue venenatis metus. Ut quis diam est. Sed non sagittis justo, ut rhoncus neque. Quisque ut mi et nunc sollicitudin luctus quis a ante. ', 30, 2, 1, 3, 9),
(11, 'TailwindCSS - Crear Sitios Accesibles', 'Nunc laoreet sit amet turpis eu vulputate. Etiam quis dignissim elit, ac commodo ligula. Donec eu mollis odio, vitae sodales est. Fusce ut turpis eros. Vestibulum mauris ligula, suscipit eget lacus non, vulputate laoreet enim. Etiam ac elementum lacus, eu dapibus dolor. Proin ac justo in erat elementum venenatis sit amet et arcu. Cras eu ultrices lorem, et mollis libero. Nam ex velit, sollicitudin ac lectus ut, lobortis blandit nibh. Donec vulputate eros quis arcu varius bibendum. Vestibulum mattis consectetur orci eget feugiat. Donec massa ligula, pulvinar vitae sem nec, suscipit tempus tortor. Nulla congue venenatis metus. Ut quis diam est. Sed non sagittis justo, ut rhoncus neque. Quisque ut mi et nunc sollicitudin luctus quis a ante. ', 23, 1, 1, 4, 10),
(12, 'TypeScript en React', 'Nunc laoreet sit amet turpis eu vulputate. Etiam quis dignissim elit, ac commodo ligula. Donec eu mollis odio, vitae sodales est. Fusce ut turpis eros. Vestibulum mauris ligula, suscipit eget lacus non, vulputate laoreet enim. Etiam ac elementum lacus, eu dapibus dolor. Proin ac justo in erat elementum venenatis sit amet et arcu. Cras eu ultrices lorem, et mollis libero. Nam ex velit, sollicitudin ac lectus ut, lobortis blandit nibh. Donec vulputate eros quis arcu varius bibendum. Vestibulum mattis consectetur orci eget feugiat. Donec massa ligula, pulvinar vitae sem nec, suscipit tempus tortor. Nulla congue venenatis metus. Ut quis diam est. Sed non sagittis justo, ut rhoncus neque. Quisque ut mi et nunc sollicitudin luctus quis a ante. ', 30, 2, 2, 3, 11),
(13, 'Presente y Futuro del Frontend', 'Nunc laoreet sit amet turpis eu vulputate. Etiam quis dignissim elit, ac commodo ligula. Donec eu mollis odio, vitae sodales est. Fusce ut turpis eros. Vestibulum mauris ligula, suscipit eget lacus non, vulputate laoreet enim. Etiam ac elementum lacus, eu dapibus dolor. Proin ac justo in erat elementum venenatis sit amet et arcu. Cras eu ultrices lorem, et mollis libero. Nam ex velit, sollicitudin ac lectus ut, lobortis blandit nibh. Donec vulputate eros quis arcu varius bibendum. Vestibulum mattis consectetur orci eget feugiat. Donec massa ligula, pulvinar vitae sem nec, suscipit tempus tortor. Nulla congue venenatis metus. Ut quis diam est. Sed non sagittis justo, ut rhoncus neque. Quisque ut mi et nunc sollicitudin luctus quis a ante. ', 30, 2, 2, 8, 12),
(14, 'Extiende la API de WordPress con PHP', 'Nunc laoreet sit amet turpis eu vulputate. Etiam quis dignissim elit, ac commodo ligula. Donec eu mollis odio, vitae sodales est. Fusce ut turpis eros. Vestibulum mauris ligula, suscipit eget lacus non, vulputate laoreet enim. Etiam ac elementum lacus, eu dapibus dolor. Proin ac justo in erat elementum venenatis sit amet et arcu. Cras eu ultrices lorem, et mollis libero. Nam ex velit, sollicitudin ac lectus ut, lobortis blandit nibh. Donec vulputate eros quis arcu varius bibendum. Vestibulum mattis consectetur orci eget feugiat. Donec massa ligula, pulvinar vitae sem nec, suscipit tempus tortor. Nulla congue venenatis metus. Ut quis diam est. Sed non sagittis justo, ut rhoncus neque. Quisque ut mi et nunc sollicitudin luctus quis a ante. ', 19, 1, 1, 8, 13),
(15, 'Node y Vue.js - Proyecto Práctico', 'Nunc laoreet sit amet turpis eu vulputate. Etiam quis dignissim elit, ac commodo ligula. Donec eu mollis odio, vitae sodales est. Fusce ut turpis eros. Vestibulum mauris ligula, suscipit eget lacus non, vulputate laoreet enim. Etiam ac elementum lacus, eu dapibus dolor. Proin ac justo in erat elementum venenatis sit amet et arcu. Cras eu ultrices lorem, et mollis libero. Nam ex velit, sollicitudin ac lectus ut, lobortis blandit nibh. Donec vulputate eros quis arcu varius bibendum. Vestibulum mattis consectetur orci eget feugiat. Donec massa ligula, pulvinar vitae sem nec, suscipit tempus tortor. Nulla congue venenatis metus. Ut quis diam est. Sed non sagittis justo, ut rhoncus neque. Quisque ut mi et nunc sollicitudin luctus quis a ante. ', 30, 1, 2, 2, 15),
(16, 'GraphQL y Flutter - Gran Performance para Android y iOS', 'Orci varius natoque penatibus et magnis dis parturient montes, nascetur ridiculus mus. Donec sodales condimentum magna fringilla egestas. In non pellentesque magna, at mollis velit. Morbi nec dapibus diam. Phasellus ante neque, blandit eget tortor a, cursus molestie turpis. Aenean placerat aliquet nibh, et interdum ipsum finibus at. Nulla sit amet faucibus leo, vel blandit urna. Curabitur dictum euismod sem, eget euismod magna pulvinar et. Nam semper aliquet nunc eu ornare. ', 25, 1, 1, 5, 15),
(17, 'REST API\'s - Backend para Web y Móvil', 'Orci varius natoque penatibus et magnis dis parturient montes, nascetur ridiculus mus. Donec sodales condimentum magna fringilla egestas. In non pellentesque magna, at mollis velit. Morbi nec dapibus diam. Phasellus ante neque, blandit eget tortor a, cursus molestie turpis. Aenean placerat aliquet nibh, et interdum ipsum finibus at. Nulla sit amet faucibus leo, vel blandit urna. Curabitur dictum euismod sem, eget euismod magna pulvinar et. Nam semper aliquet nunc eu ornare. ', 20, 2, 1, 4, 16),
(18, 'JavaScript - Apps para Web, Desktop y Escritorio', 'Orci varius natoque penatibus et magnis dis parturient montes, nascetur ridiculus mus. Donec sodales condimentum magna fringilla egestas. In non pellentesque magna, at mollis velit. Morbi nec dapibus diam. Phasellus ante neque, blandit eget tortor a, cursus molestie turpis. Aenean placerat aliquet nibh, et interdum ipsum finibus at. Nulla sit amet faucibus leo, vel blandit urna. Curabitur dictum euismod sem, eget euismod magna pulvinar et. Nam semper aliquet nunc eu ornare. ', 50, 2, 1, 8, 17),
(19, 'Flutter y React Native - ¿Cómo elegir?', 'Orci varius natoque penatibus et magnis dis parturient montes, nascetur ridiculus mus. Donec sodales condimentum magna fringilla egestas. In non pellentesque magna, at mollis velit. Morbi nec dapibus diam. Phasellus ante neque, blandit eget tortor a, cursus molestie turpis. Aenean placerat aliquet nibh, et interdum ipsum finibus at. Nulla sit amet faucibus leo, vel blandit urna. Curabitur dictum euismod sem, eget euismod magna pulvinar et. Nam semper aliquet nunc eu ornare. ', 40, 2, 1, 6, 18),
(20, 'Laravel y Flutter - Creando Un Proyecto Real', 'Orci varius natoque penatibus et magnis dis parturient montes, nascetur ridiculus mus. Donec sodales condimentum magna fringilla egestas. In non pellentesque magna, at mollis velit. Morbi nec dapibus diam. Phasellus ante neque, blandit eget tortor a, cursus molestie turpis. Aenean placerat aliquet nibh, et interdum ipsum finibus at. Nulla sit amet faucibus leo, vel blandit urna. Curabitur dictum euismod sem, eget euismod magna pulvinar et. Nam semper aliquet nunc eu ornare. ', 30, 1, 2, 5, 18),
(21, 'Laravel y React Native - Creando un Proyecto Real', 'Orci varius natoque penatibus et magnis dis parturient montes, nascetur ridiculus mus. Donec sodales condimentum magna fringilla egestas. In non pellentesque magna, at mollis velit. Morbi nec dapibus diam. Phasellus ante neque, blandit eget tortor a, cursus molestie turpis. Aenean placerat aliquet nibh, et interdum ipsum finibus at. Nulla sit amet faucibus leo, vel blandit urna. Curabitur dictum euismod sem, eget euismod magna pulvinar et. Nam semper aliquet nunc eu ornare. ', 50, 1, 2, 7, 18),
(22, 'PHP 8 - ¿Qué es Nuevo y que cambió?', 'Orci varius natoque penatibus et magnis dis parturient montes, nascetur ridiculus mus. Donec sodales condimentum magna fringilla egestas. In non pellentesque magna, at mollis velit. Morbi nec dapibus diam. Phasellus ante neque, blandit eget tortor a, cursus molestie turpis. Aenean placerat aliquet nibh, et interdum ipsum finibus at. Nulla sit amet faucibus leo, vel blandit urna. Curabitur dictum euismod sem, eget euismod magna pulvinar et. Nam semper aliquet nunc eu ornare. ', 50, 2, 1, 7, 1),
(23, 'MEVN Stack - Mongo Express  Vue.js y Node.js', 'Orci varius natoque penatibus et magnis dis parturient montes, nascetur ridiculus mus. Donec sodales condimentum magna fringilla egestas. In non pellentesque magna, at mollis velit. Morbi nec dapibus diam. Phasellus ante neque, blandit eget tortor a, cursus molestie turpis. Aenean placerat aliquet nibh, et interdum ipsum finibus at. Nulla sit amet faucibus leo, vel blandit urna. Curabitur dictum euismod sem, eget euismod magna pulvinar et. Nam semper aliquet nunc eu ornare. ', 50, 2, 1, 5, 2),
(24, 'Introducción a TailwindCSS', 'Orci varius natoque penatibus et magnis dis parturient montes, nascetur ridiculus mus. Donec sodales condimentum magna fringilla egestas. In non pellentesque magna, at mollis velit. Morbi nec dapibus diam. Phasellus ante neque, blandit eget tortor a, cursus molestie turpis. Aenean placerat aliquet nibh, et interdum ipsum finibus at. Nulla sit amet faucibus leo, vel blandit urna. Curabitur dictum euismod sem, eget euismod magna pulvinar et. Nam semper aliquet nunc eu ornare. ', 30, 2, 2, 4, 3),
(25, 'WPGraphQL y GatsbyJS - Headless WordPress', 'Orci varius natoque penatibus et magnis dis parturient montes, nascetur ridiculus mus. Donec sodales condimentum magna fringilla egestas. In non pellentesque magna, at mollis velit. Morbi nec dapibus diam. Phasellus ante neque, blandit eget tortor a, cursus molestie turpis. Aenean placerat aliquet nibh, et interdum ipsum finibus at. Nulla sit amet faucibus leo, vel blandit urna. Curabitur dictum euismod sem, eget euismod magna pulvinar et. Nam semper aliquet nunc eu ornare. ', 40, 2, 2, 5, 6),
(26, 'Svelte - El Nuevo Framework de JS ', 'Orci varius natoque penatibus et magnis dis parturient montes, nascetur ridiculus mus. Donec sodales condimentum magna fringilla egestas. In non pellentesque magna, at mollis velit. Morbi nec dapibus diam. Phasellus ante neque, blandit eget tortor a, cursus molestie turpis. Aenean placerat aliquet nibh, et interdum ipsum finibus at. Nulla sit amet faucibus leo, vel blandit urna. Curabitur dictum euismod sem, eget euismod magna pulvinar et. Nam semper aliquet nunc eu ornare. ', 40, 2, 2, 6, 7),
(27, 'Next.js - El Mejor Framework para React', 'Orci varius natoque penatibus et magnis dis parturient montes, nascetur ridiculus mus. Donec sodales condimentum magna fringilla egestas. In non pellentesque magna, at mollis velit. Morbi nec dapibus diam. Phasellus ante neque, blandit eget tortor a, cursus molestie turpis. Aenean placerat aliquet nibh, et interdum ipsum finibus at. Nulla sit amet faucibus leo, vel blandit urna. Curabitur dictum euismod sem, eget euismod magna pulvinar et. Nam semper aliquet nunc eu ornare. ', 40, 2, 2, 7, 8),
(28, 'React 18 - Una Introducción Práctica', 'Orci varius natoque penatibus et magnis dis parturient montes, nascetur ridiculus mus. Donec sodales condimentum magna fringilla egestas. In non pellentesque magna, at mollis velit. Morbi nec dapibus diam. Phasellus ante neque, blandit eget tortor a, cursus molestie turpis. Aenean placerat aliquet nibh, et interdum ipsum finibus at. Nulla sit amet faucibus leo, vel blandit urna. Curabitur dictum euismod sem, eget euismod magna pulvinar et. Nam semper aliquet nunc eu ornare. ', 24, 1, 1, 6, 9),
(29, 'Vue.js - Composition API', 'Orci varius natoque penatibus et magnis dis parturient montes, nascetur ridiculus mus. Donec sodales condimentum magna fringilla egestas. In non pellentesque magna, at mollis velit. Morbi nec dapibus diam. Phasellus ante neque, blandit eget tortor a, cursus molestie turpis. Aenean placerat aliquet nibh, et interdum ipsum finibus at. Nulla sit amet faucibus leo, vel blandit urna. Curabitur dictum euismod sem, eget euismod magna pulvinar et. Nam semper aliquet nunc eu ornare. ', 17, 1, 1, 7, 10),
(30, 'Vue.js - Pinia para reemplazar Vuex', 'Orci varius natoque penatibus et magnis dis parturient montes, nascetur ridiculus mus. Donec sodales condimentum magna fringilla egestas. In non pellentesque magna, at mollis velit. Morbi nec dapibus diam. Phasellus ante neque, blandit eget tortor a, cursus molestie turpis. Aenean placerat aliquet nibh, et interdum ipsum finibus at. Nulla sit amet faucibus leo, vel blandit urna. Curabitur dictum euismod sem, eget euismod magna pulvinar et. Nam semper aliquet nunc eu ornare. ', 25, 1, 2, 3, 18),
(31, 'GraphQL - Introducción Práctica', 'Orci varius natoque penatibus et magnis dis parturient montes, nascetur ridiculus mus. Donec sodales condimentum magna fringilla egestas. In non pellentesque magna, at mollis velit. Morbi nec dapibus diam. Phasellus ante neque, blandit eget tortor a, cursus molestie turpis. Aenean placerat aliquet nibh, et interdum ipsum finibus at. Nulla sit amet faucibus leo, vel blandit urna. Curabitur dictum euismod sem, eget euismod magna pulvinar et. Nam semper aliquet nunc eu ornare. ', 30, 1, 2, 8, 15),
(32, 'React y TailwindCSS - Frontend Moderno', 'Orci varius natoque penatibus et magnis dis parturient montes, nascetur ridiculus mus. Donec sodales condimentum magna fringilla egestas. In non pellentesque magna, at mollis velit. Morbi nec dapibus diam. Phasellus ante neque, blandit eget tortor a, cursus molestie turpis. Aenean placerat aliquet nibh, et interdum ipsum finibus at. Nulla sit amet faucibus leo, vel blandit urna. Curabitur dictum euismod sem, eget euismod magna pulvinar et. Nam semper aliquet nunc eu ornare. ', 30, 1, 2, 6, 17);

-- --------------------------------------------------------

--
-- Estructura de tabla para la tabla `eventos_registros`
--

CREATE TABLE `eventos_registros` (
  `id` int(11) NOT NULL,
  `evento_id` int(11) DEFAULT NULL,
  `registro_id` int(11) DEFAULT NULL
) ENGINE=InnoDB DEFAULT CHARSET=utf8;

--
-- Volcado de datos para la tabla `eventos_registros`
--

INSERT INTO `eventos_registros` (`id`, `evento_id`, `registro_id`) VALUES
(1, 6, 4),
(2, 3, 4),
(3, 8, 4),
(4, 11, 4),
(5, 16, 4),
(6, 8, 4),
(7, 11, 4),
(8, 16, 4),
(9, 28, 4),
(10, 29, 4),
(11, 8, 4),
(12, 11, 4),
(13, 8, 4),
(14, 11, 4),
(15, 16, 4),
(16, 8, 4),
(17, 28, 4),
(18, 29, 4),
(19, 8, 4),
(20, 28, 4),
(21, 29, 4),
(22, 11, 4),
(23, 28, 4),
(24, 14, 4);

-- --------------------------------------------------------

--
-- Estructura de tabla para la tabla `horas`
--

CREATE TABLE `horas` (
  `id` int(11) NOT NULL,
  `hora` varchar(13) DEFAULT NULL
) ENGINE=InnoDB DEFAULT CHARSET=utf8;

--
-- Volcado de datos para la tabla `horas`
--

INSERT INTO `horas` (`id`, `hora`) VALUES
(1, '10:00 - 10:55'),
(2, '11:00 - 11:55'),
(3, '12:00 - 12:55'),
(4, '13:00 - 13:55'),
(5, '16:00 - 16:55'),
(6, '17:00 - 17:55'),
(7, '18:00 - 18:55'),
(8, '19:00 - 19:55');

-- --------------------------------------------------------

--
-- Estructura de tabla para la tabla `paquetes`
--

CREATE TABLE `paquetes` (
  `id` int(11) NOT NULL,
  `nombre` varchar(30) DEFAULT NULL
) ENGINE=InnoDB DEFAULT CHARSET=utf8;

--
-- Volcado de datos para la tabla `paquetes`
--

INSERT INTO `paquetes` (`id`, `nombre`) VALUES
(1, 'Presencial'),
(2, 'Virtual'),
(3, 'Gratis');

-- --------------------------------------------------------

--
-- Estructura de tabla para la tabla `ponentes`
--

CREATE TABLE `ponentes` (
  `id` int(11) NOT NULL,
  `nombre` varchar(40) DEFAULT NULL,
  `apellido` varchar(40) DEFAULT NULL,
  `ciudad` varchar(20) DEFAULT NULL,
  `pais` varchar(20) DEFAULT NULL,
  `imagen` varchar(32) DEFAULT NULL,
  `tags` varchar(120) DEFAULT NULL,
  `redes` text DEFAULT NULL
) ENGINE=InnoDB DEFAULT CHARSET=utf8;

--
-- Volcado de datos para la tabla `ponentes`
--

INSERT INTO `ponentes` (`id`, `nombre`, `apellido`, `ciudad`, `pais`, `imagen`, `tags`, `redes`) VALUES
(1, ' Julian', 'Muñoz', 'Madrid', 'España', '6764a74ccf2b4b5b74e333016c13388a', 'React,PHP,Laravel', '{\"facebook\":\"https://facebook.com/C%C3%B3digo-Con-Juan-103341632130628\",\"twitter\":\"https://twitter.com/codigoconjuan\",\"youtube\":\"\",\"instagram\":\"https://instagram.com/codigoconjuan\",\"tiktok\":\"\",\"github\":\"https://github.com/codigoconjuan\"}'),
(2, ' Israel', 'González', 'CDMX', 'México', '6497c66bcc464e26871c046dd5bb86c8', 'Vue,Node.js,MongoDB', '{\"facebook\":\"\",\"twitter\":\"\",\"youtube\":\"https://youtube.com/codigoconjuan\",\"instagram\":\"https://instagram.com/codigoconjuan\",\"tiktok\":\"https://tiktok.com/@codigoconjuan\",\"github\":\"https://github.com/codigoconjuan\"}'),
(3, ' Isabella', 'Tassis', 'Buenos Aires', 'Argentina', '55c7866df31370ec3299eed6eb63daa1', 'UX / UI,HTML,CSS,TailwindCSS', '{\"facebook\":\"https://facebook.com/C%C3%B3digo-Con-Juan-103341632130628\",\"twitter\":\"\",\"youtube\":\"https://youtube.com/codigoconjuan\",\"instagram\":\"\",\"tiktok\":\"https://tiktok.com/@codigoconjuan\",\"github\":\"\"}'),
(4, ' Jazmín', 'Hurtado', 'CDMX', 'México', 'de6e3fa0cde8402de4c28e6be0903ada', 'Django,React, Vue.js', '{\"facebook\":\"\",\"twitter\":\"https://twitter.com/codigoconjuan\",\"youtube\":\"\",\"instagram\":\"https://instagram.com/codigoconjuan\",\"tiktok\":\"\",\"github\":\"https://github.com/codigoconjuan\"}'),
(5, ' María Camila', 'Murillo', 'Guadalajara', 'México', 'cec8c9d7bcb4c19e87d1164bce8fe176', 'Devops,Git,CI CD', '{\"facebook\":\"https://facebook.com/C%C3%B3digo-Con-Juan-103341632130628\",\"twitter\":\"https://twitter.com/codigoconjuan\",\"youtube\":\"https://youtube.com/codigoconjuan\",\"instagram\":\"\",\"tiktok\":\"\",\"github\":\"\"}'),
(6, ' Tomas', 'Aleman', 'Bogotá', 'Colombia', '5332118b8d7690a1b992431802eafab1', 'WordPress,PHP,React', '{\"facebook\":\"https://facebook.com/C%C3%B3digo-Con-Juan-103341632130628\",\"twitter\":\"https://twitter.com/codigoconjuan\",\"youtube\":\"\",\"instagram\":\"https://instagram.com/codigoconjuan\",\"tiktok\":\"\",\"github\":\"https://github.com/codigoconjuan\"}'),
(7, ' Lucía', 'Velázquez', 'Buenos Aires', 'Argentina', '90956ece4adbd9f9ccb8f4ae80dc1537', 'React,Angular,Svelte', '{\"facebook\":\"\",\"twitter\":\"\",\"youtube\":\"https://youtube.com/codigoconjuan\",\"instagram\":\"https://instagram.com/codigoconjuan\",\"tiktok\":\"https://tiktok.com/@codigoconjuan\",\"github\":\"https://github.com/codigoconjuan\"}'),
(8, ' Catarina', 'Pardo', 'Lima', 'Perú', '9886ffc0d31e4c20a04acc1464630527', 'Next.js,Laravel,MERN', '{\"facebook\":\"https://facebook.com/C%C3%B3digo-Con-Juan-103341632130628\",\"twitter\":\"\",\"youtube\":\"https://youtube.com/codigoconjuan\",\"instagram\":\"\",\"tiktok\":\"https://tiktok.com/@codigoconjuan\",\"github\":\"\"}'),
(9, ' Raquel', 'Ros', 'Madrid', 'España', 'd697f6c454c36252d70abacd7599566c', 'Next.js,Remix,Vue.js', '{\"facebook\":\"\",\"twitter\":\"https://twitter.com/codigoconjuan\",\"youtube\":\"\",\"instagram\":\"https://instagram.com/codigoconjuan\",\"tiktok\":\"\",\"github\":\"https://github.com/codigoconjuan\"}'),
(10, ' Sofía', 'Amengual', 'Santiago', 'Chile', '414ffd61380bbf0e9f45cbde4d0cbb7f', 'UX / UI,Figma,TailwindCSS', '{\"facebook\":\"https://facebook.com/C%C3%B3digo-Con-Juan-103341632130628\",\"twitter\":\"https://twitter.com/codigoconjuan\",\"youtube\":\"https://youtube.com/codigoconjuan\",\"instagram\":\"\",\"tiktok\":\"\",\"github\":\"\"}'),
(11, ' María José', 'Leoz', 'NY', 'Estados Unidos', 'c8b3a77bce7a6efb6e6872db67cfa553', 'React,TypeScript,JavaScript', '{\"facebook\":\"https://facebook.com/C%C3%B3digo-Con-Juan-103341632130628\",\"twitter\":\"https://twitter.com/codigoconjuan\",\"youtube\":\"\",\"instagram\":\"https://instagram.com/codigoconjuan\",\"tiktok\":\"\",\"github\":\"https://github.com/codigoconjuan\"}'),
(12, ' Alexa', 'Mina', 'Bogotá', 'Colombia', '6eac63d88743bbb9ee0bfd8c60cf4186', 'HTML,CSS,React,TailwindCSS', '{\"facebook\":\"\",\"twitter\":\"\",\"youtube\":\"https://youtube.com/codigoconjuan\",\"instagram\":\"https://instagram.com/codigoconjuan\",\"tiktok\":\"https://tiktok.com/@codigoconjuan\",\"github\":\"https://github.com/codigoconjuan\"}'),
(13, ' Jesus', 'López', 'Madrid', 'España', 'e481bca0c512f5b4d8f76ccea2548f0d', 'PHP,WordPress,HTML,CSS', '{\"facebook\":\"https://facebook.com/C%C3%B3digo-Con-Juan-103341632130628\",\"twitter\":\"\",\"youtube\":\"https://youtube.com/codigoconjuan\",\"instagram\":\"\",\"tiktok\":\"https://tiktok.com/@codigoconjuan\",\"github\":\"\"}'),
(15, ' Brenda', ' Ocampo', 'Santiago', 'Chile', '40e01f5c023c7e74c9c372a8126edd97', 'Laravel,Next.js,GraphQL,Flutter', '{\"facebook\":\"https://facebook.com/C%C3%B3digo-Con-Juan-103341632130628\",\"twitter\":\"https://twitter.com/codigoconjuan\",\"youtube\":\"https://youtube.com/codigoconjuan\",\"instagram\":\"\",\"tiktok\":\"\",\"github\":\"\"}'),
(16, 'Keith', 'Huaman', 'lima', 'peru', '40e01f5c023c7e74c9c372a8126edd97', 'esta,como,es', ' '),
(17, ' Vicente ', 'Figueroa', 'CDMX', 'México', '2a41a781d8ae8f0f7a1969c766276b08', 'React,Tailwind,JavaScript,TypeScript,Node', '{\"facebook\":\"https://facebook.com/C%C3%B3digo-Con-Juan-103341632130628\",\"twitter\":\"https://twitter.com/codigoconjuan\",\"youtube\":\"https://youtube.com/codigoconjuan\",\"instagram\":\"\",\"tiktok\":\"\",\"github\":\"\"}'),
(18, 'prueba', 'probando', 'lima', 'peru', '40e01f5c023c7e74c9c372a8126edd97', 'ds,ersdf,wqesd,', ' '),
(21, ' prueba', 'probando', 'hola', 'per', '40e01f5c023c7e74c9c372a8126edd97', 'hola,como,esta', '{\"facebook\":\"\",\"twitter\":\"http://localhost:3000/admin/ponentes/crear\",\"youtube\":\"\",\"instagram\":\"\",\"tiktok\":\"http://localhost:3000/admin/ponentes/crear\",\"github\":\"\"} ');

-- --------------------------------------------------------

--
-- Estructura de tabla para la tabla `regalos`
--

CREATE TABLE `regalos` (
  `id` int(11) NOT NULL,
  `nombre` varchar(50) DEFAULT NULL
) ENGINE=InnoDB DEFAULT CHARSET=utf8;

--
-- Volcado de datos para la tabla `regalos`
--

INSERT INTO `regalos` (`id`, `nombre`) VALUES
(1, 'Paquete Stickers'),
(2, 'Camisa Mujer - Chica'),
(3, 'Camisa Mujer - Mediana'),
(4, 'Camisa Mujer - Grande'),
(5, 'Camisa Mujer - XL'),
(6, 'Camisa Hombre - Chica'),
(7, 'Camisa Hombre - Mediana'),
(8, 'Camisa Hombre - Grande'),
(9, 'Camisa Hombre - XL');

-- --------------------------------------------------------

--
-- Estructura de tabla para la tabla `registros`
--

CREATE TABLE `registros` (
  `id` int(11) NOT NULL,
  `paquete_id` int(11) DEFAULT NULL,
  `pago_id` varchar(30) DEFAULT NULL,
  `token` varchar(8) DEFAULT NULL,
  `usuario_id` int(11) DEFAULT NULL,
  `regalo_id` int(11) DEFAULT NULL
) ENGINE=InnoDB DEFAULT CHARSET=utf8;

--
-- Volcado de datos para la tabla `registros`
--

INSERT INTO `registros` (`id`, `paquete_id`, `pago_id`, `token`, `usuario_id`, `regalo_id`) VALUES
(1, 1, '0NC38373W7094882N', '5d0b0a76', 11, 3),
(2, 1, '5K5242211H573772B', '6cdf93fc', 14, 2),
(3, 1, '0NC38373W7094882N', '5d0b0a76', 11, 1),
(4, 1, '0NC38373W7094882N', '5d0b0a76', 11, 3),
(5, 1, '5K5242211H573772B', '6cdf93fc', 14, 6),
(6, 1, '5K5242211H573772B', '6cdf93fc', 14, 3),
(7, 1, '0NC38373W7094882N', '5d0b0a76', 11, 5),
(8, 1, '5K5242211H573772B', '6cdf93fc', 14, 1),
(9, 3, '', 'd24bbca3', 1, 1);

-- --------------------------------------------------------

--
-- Estructura de tabla para la tabla `usuarios`
--

CREATE TABLE `usuarios` (
  `id` int(11) NOT NULL,
  `nombre` varchar(40) DEFAULT NULL,
  `apellido` varchar(40) DEFAULT NULL,
  `email` varchar(40) DEFAULT NULL,
  `password` varchar(60) DEFAULT NULL,
  `confirmado` tinyint(1) DEFAULT NULL,
  `token` varchar(13) DEFAULT NULL,
  `admin` tinyint(1) DEFAULT NULL
) ENGINE=InnoDB DEFAULT CHARSET=utf8;

--
-- Volcado de datos para la tabla `usuarios`
--

INSERT INTO `usuarios` (`id`, `nombre`, `apellido`, `email`, `password`, `confirmado`, `token`, `admin`) VALUES
(1, ' Dio', 'Ramirez', 'renato@gmail.com', '$2y$10$jhZheHmLxp2hVexdqtffjOhU0px70qyNKtqyF6e1txd.ggT0UUnf.', 1, '', 0);

--
-- Índices para tablas volcadas
--

--
-- Indices de la tabla `categorias`
--
ALTER TABLE `categorias`
  ADD PRIMARY KEY (`id`);

--
-- Indices de la tabla `dias`
--
ALTER TABLE `dias`
  ADD PRIMARY KEY (`id`);

--
-- Indices de la tabla `eventos`
--
ALTER TABLE `eventos`
  ADD PRIMARY KEY (`id`),
  ADD KEY `fk_eventos_categorias_idx` (`categoria_id`),
  ADD KEY `fk_eventos_dias1_idx` (`dia_id`),
  ADD KEY `fk_eventos_horas1_idx` (`hora_id`),
  ADD KEY `fk_eventos_ponentes1_idx` (`ponente_id`);

--
-- Indices de la tabla `eventos_registros`
--
ALTER TABLE `eventos_registros`
  ADD PRIMARY KEY (`id`),
  ADD KEY `evento_id` (`evento_id`),
  ADD KEY `registro_id` (`registro_id`);

--
-- Indices de la tabla `horas`
--
ALTER TABLE `horas`
  ADD PRIMARY KEY (`id`);

--
-- Indices de la tabla `paquetes`
--
ALTER TABLE `paquetes`
  ADD PRIMARY KEY (`id`);

--
-- Indices de la tabla `ponentes`
--
ALTER TABLE `ponentes`
  ADD PRIMARY KEY (`id`);

--
-- Indices de la tabla `regalos`
--
ALTER TABLE `regalos`
  ADD PRIMARY KEY (`id`);

--
-- Indices de la tabla `registros`
--
ALTER TABLE `registros`
  ADD PRIMARY KEY (`id`),
  ADD KEY `usuarioId` (`usuario_id`),
  ADD KEY `paquete_id` (`paquete_id`),
  ADD KEY `registros_ibfk_3_idx` (`regalo_id`);

--
-- Indices de la tabla `usuarios`
--
ALTER TABLE `usuarios`
  ADD PRIMARY KEY (`id`);

--
-- AUTO_INCREMENT de las tablas volcadas
--

--
-- AUTO_INCREMENT de la tabla `categorias`
--
ALTER TABLE `categorias`
  MODIFY `id` int(11) NOT NULL AUTO_INCREMENT, AUTO_INCREMENT=3;

--
-- AUTO_INCREMENT de la tabla `dias`
--
ALTER TABLE `dias`
  MODIFY `id` int(11) NOT NULL AUTO_INCREMENT, AUTO_INCREMENT=7;

--
-- AUTO_INCREMENT de la tabla `eventos`
--
ALTER TABLE `eventos`
  MODIFY `id` int(11) NOT NULL AUTO_INCREMENT, AUTO_INCREMENT=40;

--
-- AUTO_INCREMENT de la tabla `eventos_registros`
--
ALTER TABLE `eventos_registros`
  MODIFY `id` int(11) NOT NULL AUTO_INCREMENT, AUTO_INCREMENT=25;

--
-- AUTO_INCREMENT de la tabla `horas`
--
ALTER TABLE `horas`
  MODIFY `id` int(11) NOT NULL AUTO_INCREMENT, AUTO_INCREMENT=9;

--
-- AUTO_INCREMENT de la tabla `paquetes`
--
ALTER TABLE `paquetes`
  MODIFY `id` int(11) NOT NULL AUTO_INCREMENT, AUTO_INCREMENT=4;

--
-- AUTO_INCREMENT de la tabla `ponentes`
--
ALTER TABLE `ponentes`
  MODIFY `id` int(11) NOT NULL AUTO_INCREMENT, AUTO_INCREMENT=22;

--
-- AUTO_INCREMENT de la tabla `regalos`
--
ALTER TABLE `regalos`
  MODIFY `id` int(11) NOT NULL AUTO_INCREMENT, AUTO_INCREMENT=10;

--
-- AUTO_INCREMENT de la tabla `registros`
--
ALTER TABLE `registros`
  MODIFY `id` int(11) NOT NULL AUTO_INCREMENT, AUTO_INCREMENT=10;

--
-- AUTO_INCREMENT de la tabla `usuarios`
--
ALTER TABLE `usuarios`
  MODIFY `id` int(11) NOT NULL AUTO_INCREMENT, AUTO_INCREMENT=2;

--
-- Restricciones para tablas volcadas
--

--
-- Filtros para la tabla `eventos`
--
ALTER TABLE `eventos`
  ADD CONSTRAINT `fk_eventos_categorias` FOREIGN KEY (`categoria_id`) REFERENCES `categorias` (`id`),
  ADD CONSTRAINT `fk_eventos_dias1` FOREIGN KEY (`dia_id`) REFERENCES `dias` (`id`),
  ADD CONSTRAINT `fk_eventos_horas1` FOREIGN KEY (`hora_id`) REFERENCES `horas` (`id`),
  ADD CONSTRAINT `fk_eventos_ponentes1` FOREIGN KEY (`ponente_id`) REFERENCES `ponentes` (`id`);

--
-- Filtros para la tabla `eventos_registros`
--
ALTER TABLE `eventos_registros`
  ADD CONSTRAINT `eventos_registros_ibfk_1` FOREIGN KEY (`evento_id`) REFERENCES `eventos` (`id`),
  ADD CONSTRAINT `eventos_registros_ibfk_2` FOREIGN KEY (`registro_id`) REFERENCES `registros` (`id`);

--
-- Filtros para la tabla `registros`
--
ALTER TABLE `registros`
  ADD CONSTRAINT `registros_ibfk_1` FOREIGN KEY (`usuario_id`) REFERENCES `usuarios` (`id`),
  ADD CONSTRAINT `registros_ibfk_2` FOREIGN KEY (`paquete_id`) REFERENCES `paquetes` (`id`),
  ADD CONSTRAINT `registros_ibfk_3` FOREIGN KEY (`regalo_id`) REFERENCES `regalos` (`id`) ON DELETE SET NULL ON UPDATE SET NULL;
COMMIT;

/*!40101 SET CHARACTER_SET_CLIENT=@OLD_CHARACTER_SET_CLIENT */;
/*!40101 SET CHARACTER_SET_RESULTS=@OLD_CHARACTER_SET_RESULTS */;
/*!40101 SET COLLATION_CONNECTION=@OLD_COLLATION_CONNECTION */;
